[
  {
    "timestamp": "2025-03-31T10:00:00Z",
    "user": "Alice",
    "action": "read",
    "object": "file1.pdf"
  },
  {
    "timestamp": "2025-03-31T10:05:12Z",
    "user": "Bob",
    "action": "write",
    "object": "report.xlsx"
  },
  {
    "timestamp": "2025-03-31T10:07:45Z",
    "user": "Carol",
    "action": "delete",
    "object": "old_data.csv"
  },
  {
    "timestamp": "2025-03-31T10:09:00Z",
    "user": "Alice",
    "action": "update",
    "object": "project_plan.docx"
  },
  {
    "timestamp": "2025-03-31T10:11:30Z",
    "user": "Dave",
    "action": "access",
    "object": "confidential.db"
  }
]